Model;Link;Price USD;Price UA;City;Additional information
Chevrolet Niva 2019;https://auto.ria.com/newauto/auto-chevrolet-niva-1731591.html;16 335 $;439 900 грн;Хмельницкий•Автоцентр ЛИГА;Бензин1.7 л•Механическая•Полный привод
Chevrolet Niva 2019;https://auto.ria.com/newauto/auto-chevrolet-niva-1822170.html;14 654 $;394 900 грн;Львов•АІС Автоцентр Львів;Бензин1.7 л•Механическая•Полный привод
Chevrolet Niva 2019;https://auto.ria.com/newauto/auto-chevrolet-niva-1824701.html;14 097 $;379 900 грн;Киев•АИС Киев Днепровский;Бензин1.7 л•Механическая•Полный привод
Chevrolet Niva 2019;https://auto.ria.com/newauto/auto-chevrolet-niva-1731585.html;14 279 $;384 900 грн;Хмельницкий•Автоцентр ЛИГА;Бензин1.7 л•Механическая•Полный привод
Chevrolet Niva 2019;https://auto.ria.com/newauto/auto-chevrolet-niva-1824704.html;15 581 $;419 900 грн;Киев•АИС Киев Днепровский;Бензин1.7 л•Механическая•Полный привод
Chevrolet Niva 2019;https://auto.ria.com/newauto/auto-chevrolet-niva-1731583.html;13 722 $;369 900 грн;Хмельницкий•Автоцентр ЛИГА;Бензин1.7 л•Механическая•Полный привод
Chevrolet Niva 2019;https://auto.ria.com/newauto/auto-chevrolet-niva-1828718.html;13 911 $;374 900 грн;Львов•АІС Автоцентр Львів;Бензин1.7 л•Механическая•Полный привод
Chevrolet Aveo 2019;https://auto.ria.com/newauto/auto-chevrolet-aveo-1803216.html;14 800 $;398 847 грн;Винница•ПрАТ  Вінниччина-Авто;Бензин1.4 л•Автомат•Передний привод
Chevrolet Suburban 2019;https://auto.ria.com/newauto/auto-chevrolet-suburban-1810300.html;299 999 $;8 084 703 грн;Киев•MARUTA.CARS;Бензин5.3 л•Автомат•Полный привод
Chevrolet Suburban 2020;https://auto.ria.com/newauto/auto-chevrolet-suburban-1836960.html;114 999 $;3 099 120 грн;Киев•VIPCAR;Бензин6.2 л•Автомат•Полный привод
Chevrolet Niva 2019;https://auto.ria.com/newauto/auto-chevrolet-niva-1828717.html;14 097 $;379 900 грн;Львов•АІС Автоцентр Львів;Бензин1.7 л•Механическая•Полный привод
Chevrolet Niva 2019;https://auto.ria.com/newauto/auto-chevrolet-niva-1828720.html;16 694 $;449 900 грн;Львов•АІС Автоцентр Львів;Бензин1.7 л•Механическая•Полный привод
Chevrolet Niva 2019;https://auto.ria.com/newauto/auto-chevrolet-niva-1824702.html;14 654 $;394 900 грн;Киев•АИС Киев Днепровский;Бензин1.7 л•Механическая•Полный привод
Chevrolet Niva 2019;https://auto.ria.com/newauto/auto-chevrolet-niva-1824703.html;16 716 $;449 900 грн;Киев•АИС Киев Днепровский;Бензин1.7 л•Механическая•Полный привод
Chevrolet Niva 2019;https://auto.ria.com/newauto/auto-chevrolet-niva-1828719.html;15 593 $;419 900 грн;Львов•АІС Автоцентр Львів;Бензин1.7 л•Механическая•Полный привод
Chevrolet Suburban 2020;https://auto.ria.com/newauto/auto-chevrolet-suburban-1811408.html;299 999 $;8 084 703 грн;Киев•VIPCAR;Бензин5.3 л•Автомат•Полный привод
Chevrolet Suburban 2020;https://auto.ria.com/newauto/auto-chevrolet-suburban-1636790.html;101 700 $;2 741 415 грн;Киев•РІК-АВТО®;Бензин6.2 л•Автомат•Полный привод
Chevrolet Niva 2019;https://auto.ria.com/newauto/auto-chevrolet-niva-1821768.html;13 273 $;357 700 грн;Запорожье•АДАМАНТ МОТОРС ЗАПОРІЖЖЯ;Бензин1.7 л•Механическая•Полный привод
Chevrolet Impala 2020;https://auto.ria.com/newauto/auto-chevrolet-impala-1117323.html;47 560 $;1 282 023 грн;Киев•РІК-АВТО®;Бензин3.6 л•Автомат•Передний привод
Chevrolet Camaro 2020;https://auto.ria.com/newauto/auto-chevrolet-camaro-1829296.html;68 300 $;1 840 624 грн;Киев•РІК-АВТО®;Бензин6.2 л•Автомат•Задний привод
Chevrolet Corvette 2021;https://auto.ria.com/newauto/auto-chevrolet-corvette-1833835.html;139 000 $;3 745 925 грн;Киев•РІК-АВТО®;Бензин6.2 л•Автомат•Задний привод
Chevrolet Tahoe 2020;https://auto.ria.com/newauto/auto-chevrolet-tahoe-1822185.html;99 500 $;2 681 435 грн;Киев•РІК-АВТО®;Бензин5.3 л•Автомат•Полный привод
Chevrolet Corvette 2021;https://auto.ria.com/newauto/auto-chevrolet-corvette-1833702.html;115 000 $;3 099 147 грн;Киев•РІК-АВТО®;Бензин6.2 л•Автомат•Задний привод
Chevrolet Niva 2019;https://auto.ria.com/newauto/auto-chevrolet-niva-1626106.html;14 650 $;394 900 грн;Черкассы•АИС Автоцентр Черкассы;Бензин1.7 л•Механическая•Полный привод
Chevrolet Silverado 2020;https://auto.ria.com/newauto/auto-chevrolet-silverado-1786987.html;82 200 $;2 215 216 грн;Киев•РІК-АВТО®;Бензин5.3 л•Автомат•Полный привод
Chevrolet Colorado 2020;https://auto.ria.com/newauto/auto-chevrolet-colorado-1636789.html;48 500 $;1 307 361 грн;Киев•РІК-АВТО®;Бензин2.5 л•Автомат•Полный привод
Chevrolet Niva 2019;https://auto.ria.com/newauto/auto-chevrolet-niva-1813575.html;12 984 $;349 900 грн;Запорожье•АДАМАНТ МОТОРС ЗАПОРІЖЖЯ;Бензин1.7 л•Механическая•Полный привод
Chevrolet Traverse 2020;https://auto.ria.com/newauto/auto-chevrolet-traverse-1838088.html;47 300 $;1 274 692 грн;Киев•РІК-АВТО®;Бензин3.6 л•Автомат•Передний привод
Chevrolet Bolt EV 2020;https://auto.ria.com/newauto/auto-chevrolet-bolt-ev-1636788.html;35 890 $;967 447 грн;Киев•РІК-АВТО®;Электричество•Вариатор•Передний привод
Chevrolet Camaro 2020;https://auto.ria.com/newauto/auto-chevrolet-camaro-1627777.html;59 500 $;1 603 876 грн;Киев•РІК-АВТО®;Бензин2.0 л•Автомат•Задний привод
Chevrolet Camaro 2020;https://auto.ria.com/newauto/auto-chevrolet-camaro-1117310.html;49 900 $;1 344 086 грн;Киев•РІК-АВТО®;Бензин2.0 л•Автомат•Задний привод
Chevrolet Camaro 2020;https://auto.ria.com/newauto/auto-chevrolet-camaro-1627777.html;59 500 $;1 603 876 грн;Киев•РІК-АВТО®;Бензин2.0 л•Автомат•Задний привод
Chevrolet Corvette 2020;https://auto.ria.com/newauto/auto-chevrolet-corvette-1637849.html;149 000 $;4 016 429 грн;Киев•РІК-АВТО®;Бензин6.2 л•Автомат•Задний привод
Chevrolet Niva 2019;https://auto.ria.com/newauto/auto-chevrolet-niva-1705809.html;16 690 $;449 900 грн;Черкассы•АИС Автоцентр Черкассы;Бензин1.7 л•Механическая•Полный привод
Chevrolet Express пасс. 2020;https://auto.ria.com/newauto/auto-chevrolet-express-pass-1718208.html;129 000 $;3 477 311 грн;Киев•РІК-АВТО®;Бензин6.0 л•Автомат•Полный привод
Chevrolet Camaro 2020;https://auto.ria.com/newauto/auto-chevrolet-camaro-1637845.html;117 700 $;3 172 709 грн;Киев•РІК-АВТО®;Бензин6.2 л•Механическая•Задний привод
Chevrolet Tahoe 2020;https://auto.ria.com/newauto/auto-chevrolet-tahoe-1637847.html;101 500 $;2 736 024 грн;Киев•РІК-АВТО®;Бензин5.3 л•Автомат•Полный привод
Chevrolet Niva 2019;https://auto.ria.com/newauto/auto-chevrolet-niva-1792052.html;14 097 $;379 900 грн;Черкассы•АИС Автоцентр Черкассы;Бензин1.7 л•Механическая•Полный привод
Chevrolet Niva 2019;https://auto.ria.com/newauto/auto-chevrolet-niva-1650894.html;15 577 $;419 900 грн;Черкассы•АИС Автоцентр Черкассы;Бензин1.7 л•Механическая•Полный привод
Chevrolet Blazer 2020;https://auto.ria.com/newauto/auto-chevrolet-blazer-1824990.html;49 900 $;1 344 760 грн;Киев•РІК-АВТО®;Бензин3.6 л•Автомат•Полный привод
Chevrolet Express пасс. 2020;https://auto.ria.com/newauto/auto-chevrolet-express-pass-1817702.html;146 500 $;3 948 043 грн;Киев•РІК-АВТО®;Бензин6.0 л•Автомат•Полный привод
Chevrolet Bolt EV 2020;https://auto.ria.com/newauto/auto-chevrolet-bolt-ev-1718194.html;41 900 $;1 127 688 грн;Киев•РІК-АВТО®;Электричество•Вариатор•Передний привод
Chevrolet Express пасс. 2020;https://auto.ria.com/newauto/auto-chevrolet-express-pass-1117319.html;109 500 $;2 951 671 грн;Киев•РІК-АВТО®;Бензин6.0 л•Автомат•Полный привод
Chevrolet Equinox 2020;https://auto.ria.com/newauto/auto-chevrolet-equinox-1838089.html;38 900 $;1 048 320 грн;Киев•РІК-АВТО®;Бензин1.5 л•Автомат•Передний привод
